cv_id,question_id,question_category,question_text,ground_truth_answer,strategy,model_name,raw_response,predicted_answer,confidence_score,rationale,latency,input_tokens,output_tokens,estimated_cost,normalized_answer,score_exact_match,score_f1,overlap,semantic_score,human_eval_score,error_type,experiment_name,retrieved_text
aaron_stockdill,aaron_stockdill_Q1,Personal Information,What is the applicant's full name?,Aaron Stockdill,S3_RAG,mistralai/Mistral-7B-Instruct-v0.3,"{
  ""predicted_answer"": ""Aaron Stockdill"",
  ""rationale"": ""The full name is mentioned at the beginning of the CV section."",
  ""confidence_score"": 1.0
}",,,,61.91509819030762,1537,51,0.0,,,,,,,,E2_QA_Accuracy,"Conference 2021. Awarded for ‘Considerations in Representation Selection for Problem Solving: a Review’ . 2017Hamilton Cambridge International Scholarship, Cambridge Trust, University of Cambridge. Full scholarship to study towards my PhD at the University of Cambridge. 2016Graduating BSc(Hons) Computer Science Student of the Y ear, University of Canterbury. Awarded for academic achievement throughout my undergraduate and honours study. 2016G B Battersby Trimble Scholarship in Computer Science, University of Canterbury. Awarded for academic merit, broad knowledge outside of computer science, and research of benefit to New Zealand. 2016Freemasons University Scholarship. For academic merit, community involvement, and leadership potential. 2015Page Memorial Prize, University of Canterbury, for academic achievement in Level 300 Mathematics. OUTREACH AND VOLUNTEERING 2022Representational Systems Theory: What, Why and How, Diagrams 2022 tutorial. • Co-organising and will run a 90 minute tutorial at Diagrams 2022, targeted at researchers in diagrammatic representations. • The tutorial will be an interactive introduction to Representational Systems Theory, using a web app we have developed. 2018–2020STIMULUS V olunteer, University of Cambridge. • V olunteered 90 minutes per week at a local sixth form college, working with the teacher to extend both their knowledge and that of the students, providing extra resources and information, raising their enthusiasm for computer science. • Engaged individually with students to provide practical help, extension activities, or alternative explanations, developing and encouraging their passion for computer science and programming. 2015–2016Scholarship Calculus Coordinator, Cashmere High School, NZ. • Developed the Scholarship Calculus programme for advanced Y ear 13 students, building on their standard curriculum and producing a set of resources for myself and future teachers running this programme. • As a result of the new programme and teaching pattern, my 2016 cohort received a record four scholarships, double the previous best record for the school, and helping fund the students’ tertiary education.
...
AARON STOCKDILL Quantitative T echnologist at Qube Research and T echnologies aaronstockdill@me.com · https://aaron.stockdill.nz/ EDUCATION 2017–2021Doctor of Philosophy, University of Cambridge, UK. • Computer Science. Thesis: “ Automating representation change across domains for reasoning” , supervised by Prof. Mateja Jamnik. Developed a theory of cross-domain correspondences to enable user-aware, contextual AI explanations in an interdisciplinary team from Cambridge and Sussex. • Have published six conference papers and one workshop paper, all peer reviewed, presenting two. One further is under review. Presented a one hour seminar for the AI Research Group Seminar Series in the Computer Lab, and a 15 minute Postgraduate Seminar at college. • Hamilton Cambridge International Scholarship recipient, awarded once every three years; gives full funding and stipend. • Computing Officer for the Selwyn College MCR Committee, which represents graduate students at the college; I managed the punt reservations, committee elections, and website. In the department, I managed the AI Research Group website. 2013–2016Bachelor of Science with First Class Honours, University of Canterbury, NZ. • Computer Science honours, GPA 8.9 of 9, 2016. Report: “Neuromorphic Computing with Reservoir Neural Networks on Memristive Hardware” . Simulated new hardware to implement faster and more power efficient neural networks. • Published two peer-reviewed conference papers. • Double major in Computer Science and Mathematics, GPA 8.83 of 9, 2013–2015. • Graduating BSc(Hons) Computer Science Student of the Y ear Prize 2016 recipient, and Graduating BSc Computer Science Student of the Y ear Prize 2015 recipient, for highest cohort grades. • Committee member of the Computing Society and Mathematics Society, providing academic support, social functions, and subject promotion. Built the Computing Society website. Helped co-ordinate the eventual merger of these two societies. RECENT EMPLOYMENT Feb 2023– presentQuantitative T echnologist, Qube Research and T echnologies, London. Sept 2021–Jan 2023Research Fellow in Informatics, University of Sussex, UK. • Developing theory and tools to describe representations in a uniform, and cognitively centred, manner (RIST). • W orking as part of a research team of six split between Sussex and Cambridge, continuing work from my PhD. • Formalising the cognitive representation notation (RISN), while developing a web app using React and ReScript. Jan 2021–July 2021Software Engineer, Jane Street Europe. • W orked with an international team to develop, deploy, and support in-house software in the finance industry. • New and existing software was developed using OCaml; the environment demanded software that was fault-tolerant, distributed, and real-time. Development was backed up by extensive testing and code review. • Provided operational support deploying our software to servers around the globe, and ensured 24/7 up-time for users of our software. W e also supported users with trouble-shooting, and providing new features both responsively and proactively. 2017–2020Supervisor, Computer Science, University of Cambridge, UK. • Organised and ran small group teaching sessions for undergraduate students in their first and second years. • Tailored individual and group work to the students’ needs, ensuring my time and feedback was used effectively and targeted to their interests and weaknesses for both coursework and future career."
aaron_stockdill,aaron_stockdill_Q2,Personal Information,What is the applicant's LinkedIn?,nan,S3_RAG,mistralai/Mistral-7B-Instruct-v0.3,"{
  ""predicted_answer"": ""Not found"",
  ""rationale"": ""The provided CV section does not contain a LinkedIn URL."",
  ""confidence_score"": 1.0
}",,,,61.19925022125244,1537,47,0.0,,,,,,,,E2_QA_Accuracy,"AARON STOCKDILL Quantitative T echnologist at Qube Research and T echnologies aaronstockdill@me.com · https://aaron.stockdill.nz/ EDUCATION 2017–2021Doctor of Philosophy, University of Cambridge, UK. • Computer Science. Thesis: “ Automating representation change across domains for reasoning” , supervised by Prof. Mateja Jamnik. Developed a theory of cross-domain correspondences to enable user-aware, contextual AI explanations in an interdisciplinary team from Cambridge and Sussex. • Have published six conference papers and one workshop paper, all peer reviewed, presenting two. One further is under review. Presented a one hour seminar for the AI Research Group Seminar Series in the Computer Lab, and a 15 minute Postgraduate Seminar at college. • Hamilton Cambridge International Scholarship recipient, awarded once every three years; gives full funding and stipend. • Computing Officer for the Selwyn College MCR Committee, which represents graduate students at the college; I managed the punt reservations, committee elections, and website. In the department, I managed the AI Research Group website. 2013–2016Bachelor of Science with First Class Honours, University of Canterbury, NZ. • Computer Science honours, GPA 8.9 of 9, 2016. Report: “Neuromorphic Computing with Reservoir Neural Networks on Memristive Hardware” . Simulated new hardware to implement faster and more power efficient neural networks. • Published two peer-reviewed conference papers. • Double major in Computer Science and Mathematics, GPA 8.83 of 9, 2013–2015. • Graduating BSc(Hons) Computer Science Student of the Y ear Prize 2016 recipient, and Graduating BSc Computer Science Student of the Y ear Prize 2015 recipient, for highest cohort grades. • Committee member of the Computing Society and Mathematics Society, providing academic support, social functions, and subject promotion. Built the Computing Society website. Helped co-ordinate the eventual merger of these two societies. RECENT EMPLOYMENT Feb 2023– presentQuantitative T echnologist, Qube Research and T echnologies, London. Sept 2021–Jan 2023Research Fellow in Informatics, University of Sussex, UK. • Developing theory and tools to describe representations in a uniform, and cognitively centred, manner (RIST). • W orking as part of a research team of six split between Sussex and Cambridge, continuing work from my PhD. • Formalising the cognitive representation notation (RISN), while developing a web app using React and ReScript. Jan 2021–July 2021Software Engineer, Jane Street Europe. • W orked with an international team to develop, deploy, and support in-house software in the finance industry. • New and existing software was developed using OCaml; the environment demanded software that was fault-tolerant, distributed, and real-time. Development was backed up by extensive testing and code review. • Provided operational support deploying our software to servers around the globe, and ensured 24/7 up-time for users of our software. W e also supported users with trouble-shooting, and providing new features both responsively and proactively. 2017–2020Supervisor, Computer Science, University of Cambridge, UK. • Organised and ran small group teaching sessions for undergraduate students in their first and second years. • Tailored individual and group work to the students’ needs, ensuring my time and feedback was used effectively and targeted to their interests and weaknesses for both coursework and future career.
...
Conference 2021. Awarded for ‘Considerations in Representation Selection for Problem Solving: a Review’ . 2017Hamilton Cambridge International Scholarship, Cambridge Trust, University of Cambridge. Full scholarship to study towards my PhD at the University of Cambridge. 2016Graduating BSc(Hons) Computer Science Student of the Y ear, University of Canterbury. Awarded for academic achievement throughout my undergraduate and honours study. 2016G B Battersby Trimble Scholarship in Computer Science, University of Canterbury. Awarded for academic merit, broad knowledge outside of computer science, and research of benefit to New Zealand. 2016Freemasons University Scholarship. For academic merit, community involvement, and leadership potential. 2015Page Memorial Prize, University of Canterbury, for academic achievement in Level 300 Mathematics. OUTREACH AND VOLUNTEERING 2022Representational Systems Theory: What, Why and How, Diagrams 2022 tutorial. • Co-organising and will run a 90 minute tutorial at Diagrams 2022, targeted at researchers in diagrammatic representations. • The tutorial will be an interactive introduction to Representational Systems Theory, using a web app we have developed. 2018–2020STIMULUS V olunteer, University of Cambridge. • V olunteered 90 minutes per week at a local sixth form college, working with the teacher to extend both their knowledge and that of the students, providing extra resources and information, raising their enthusiasm for computer science. • Engaged individually with students to provide practical help, extension activities, or alternative explanations, developing and encouraging their passion for computer science and programming. 2015–2016Scholarship Calculus Coordinator, Cashmere High School, NZ. • Developed the Scholarship Calculus programme for advanced Y ear 13 students, building on their standard curriculum and producing a set of resources for myself and future teachers running this programme. • As a result of the new programme and teaching pattern, my 2016 cohort received a record four scholarships, double the previous best record for the school, and helping fund the students’ tertiary education."
aaron_stockdill,aaron_stockdill_Q3,Personal Information,What is the applicant's primary contact number?,nan,S3_RAG,mistralai/Mistral-7B-Instruct-v0.3,"{
  ""predicted_answer"": ""Not found"",
  ""rationale"": ""The provided CV section does not contain any contact information."",
  ""confidence_score"": 1.0
}",,,,61.662813663482666,1538,46,0.0,,,,,,,,E2_QA_Accuracy,"Conference 2021. Awarded for ‘Considerations in Representation Selection for Problem Solving: a Review’ . 2017Hamilton Cambridge International Scholarship, Cambridge Trust, University of Cambridge. Full scholarship to study towards my PhD at the University of Cambridge. 2016Graduating BSc(Hons) Computer Science Student of the Y ear, University of Canterbury. Awarded for academic achievement throughout my undergraduate and honours study. 2016G B Battersby Trimble Scholarship in Computer Science, University of Canterbury. Awarded for academic merit, broad knowledge outside of computer science, and research of benefit to New Zealand. 2016Freemasons University Scholarship. For academic merit, community involvement, and leadership potential. 2015Page Memorial Prize, University of Canterbury, for academic achievement in Level 300 Mathematics. OUTREACH AND VOLUNTEERING 2022Representational Systems Theory: What, Why and How, Diagrams 2022 tutorial. • Co-organising and will run a 90 minute tutorial at Diagrams 2022, targeted at researchers in diagrammatic representations. • The tutorial will be an interactive introduction to Representational Systems Theory, using a web app we have developed. 2018–2020STIMULUS V olunteer, University of Cambridge. • V olunteered 90 minutes per week at a local sixth form college, working with the teacher to extend both their knowledge and that of the students, providing extra resources and information, raising their enthusiasm for computer science. • Engaged individually with students to provide practical help, extension activities, or alternative explanations, developing and encouraging their passion for computer science and programming. 2015–2016Scholarship Calculus Coordinator, Cashmere High School, NZ. • Developed the Scholarship Calculus programme for advanced Y ear 13 students, building on their standard curriculum and producing a set of resources for myself and future teachers running this programme. • As a result of the new programme and teaching pattern, my 2016 cohort received a record four scholarships, double the previous best record for the school, and helping fund the students’ tertiary education.
...
AARON STOCKDILL Quantitative T echnologist at Qube Research and T echnologies aaronstockdill@me.com · https://aaron.stockdill.nz/ EDUCATION 2017–2021Doctor of Philosophy, University of Cambridge, UK. • Computer Science. Thesis: “ Automating representation change across domains for reasoning” , supervised by Prof. Mateja Jamnik. Developed a theory of cross-domain correspondences to enable user-aware, contextual AI explanations in an interdisciplinary team from Cambridge and Sussex. • Have published six conference papers and one workshop paper, all peer reviewed, presenting two. One further is under review. Presented a one hour seminar for the AI Research Group Seminar Series in the Computer Lab, and a 15 minute Postgraduate Seminar at college. • Hamilton Cambridge International Scholarship recipient, awarded once every three years; gives full funding and stipend. • Computing Officer for the Selwyn College MCR Committee, which represents graduate students at the college; I managed the punt reservations, committee elections, and website. In the department, I managed the AI Research Group website. 2013–2016Bachelor of Science with First Class Honours, University of Canterbury, NZ. • Computer Science honours, GPA 8.9 of 9, 2016. Report: “Neuromorphic Computing with Reservoir Neural Networks on Memristive Hardware” . Simulated new hardware to implement faster and more power efficient neural networks. • Published two peer-reviewed conference papers. • Double major in Computer Science and Mathematics, GPA 8.83 of 9, 2013–2015. • Graduating BSc(Hons) Computer Science Student of the Y ear Prize 2016 recipient, and Graduating BSc Computer Science Student of the Y ear Prize 2015 recipient, for highest cohort grades. • Committee member of the Computing Society and Mathematics Society, providing academic support, social functions, and subject promotion. Built the Computing Society website. Helped co-ordinate the eventual merger of these two societies. RECENT EMPLOYMENT Feb 2023– presentQuantitative T echnologist, Qube Research and T echnologies, London. Sept 2021–Jan 2023Research Fellow in Informatics, University of Sussex, UK. • Developing theory and tools to describe representations in a uniform, and cognitively centred, manner (RIST). • W orking as part of a research team of six split between Sussex and Cambridge, continuing work from my PhD. • Formalising the cognitive representation notation (RISN), while developing a web app using React and ReScript. Jan 2021–July 2021Software Engineer, Jane Street Europe. • W orked with an international team to develop, deploy, and support in-house software in the finance industry. • New and existing software was developed using OCaml; the environment demanded software that was fault-tolerant, distributed, and real-time. Development was backed up by extensive testing and code review. • Provided operational support deploying our software to servers around the globe, and ensured 24/7 up-time for users of our software. W e also supported users with trouble-shooting, and providing new features both responsively and proactively. 2017–2020Supervisor, Computer Science, University of Cambridge, UK. • Organised and ran small group teaching sessions for undergraduate students in their first and second years. • Tailored individual and group work to the students’ needs, ensuring my time and feedback was used effectively and targeted to their interests and weaknesses for both coursework and future career."
