cv_id,question_id,question_category,question_text,ground_truth_answer,strategy,model_name,raw_response,predicted_answer,confidence_score,rationale,latency,input_tokens,output_tokens,estimated_cost,normalized_answer,score_exact_match,score_f1,overlap,semantic_score,human_eval_score,error_type,experiment_name
aaron_stockdill,aaron_stockdill_Q1,Personal Information,What is the applicant's full name?,Aaron Stockdill,S1_Full_CV,mistralai/Mistral-7B-Instruct-v0.3,"{
  ""predicted_answer"": ""Aaron Stockdill"",
  ""rationale"": ""The name is mentioned at the beginning of the CV."",
  ""confidence_score"": 1.0
}",,,,115.13659119606018,2910,49,0.0,,,,,,,,E2_QA_Accuracy
aaron_stockdill,aaron_stockdill_Q2,Personal Information,What is the applicant's LinkedIn?,nan,S1_Full_CV,mistralai/Mistral-7B-Instruct-v0.3,"{
  ""predicted_answer"": ""https://aaron.stockdill.nz/"",
  ""rationale"": ""The applicant's LinkedIn profile URL is provided in the CV."",
  ""confidence_score"": 1.0
}",,,,118.0522665977478,2910,60,0.0,,,,,,,,E2_QA_Accuracy
